Watch_name,Watch_image,Watch_image_url,Watch_Prize,Watch_Prize_url,Watch_Seller,Watch_Seller_url,Watch_Nation,Watch_Nation_url
Piaget Limelight Tonneau New XL 55% off,,https://www.chrono24.com/piaget/limelight-tonneau-new-xl-55-off--id8961367.htm,"$621,000 ",https://www.chrono24.com/piaget/limelight-tonneau-new-xl-55-off--id8961367.htm,Raffi Boyadjian Watches Inc.,https://www.chrono24.com/piaget/limelight-tonneau-new-xl-55-off--id8961367.htm,US,https://www.chrono24.com/piaget/limelight-tonneau-new-xl-55-off--id8961367.htm
Audemars Piguet Grande Complication,TOP,https://www.chrono24.com/audemarspiguet/grande-complication--id6952851.htm,"$620,000 ",https://www.chrono24.com/audemarspiguet/grande-complication--id6952851.htm,Private Seller,https://www.chrono24.com/audemarspiguet/grande-complication--id6952851.htm,US,https://www.chrono24.com/audemarspiguet/grande-complication--id6952851.htm
Franck Muller Aeternitas Mega 4 8888 MGA T CCR QPSE,,https://www.chrono24.com/franckmuller/aeternitas-mega-4-8888-mga-t-ccr-qpse--id5733860.htm,"$1,600,000 ",https://www.chrono24.com/franckmuller/aeternitas-mega-4-8888-mga-t-ccr-qpse--id5733860.htm,Exquisite Timepieces,https://www.chrono24.com/franckmuller/aeternitas-mega-4-8888-mga-t-ccr-qpse--id5733860.htm,US,https://www.chrono24.com/franckmuller/aeternitas-mega-4-8888-mga-t-ccr-qpse--id5733860.htm
Jacob & Co. Astronomia Sky Platinum,,https://www.chrono24.com/jacobco/astronomia-sky-platinum--id9020734.htm,"$666,000 ",https://www.chrono24.com/jacobco/astronomia-sky-platinum--id9020734.htm,Wrist Aficionado,https://www.chrono24.com/jacobco/astronomia-sky-platinum--id9020734.htm,US,https://www.chrono24.com/jacobco/astronomia-sky-platinum--id9020734.htm
Patek Philippe Grand Complication 5104P,,https://www.chrono24.com/patekphilippe/grand-complication-5104p--id5337823.htm,"$680,000 ",https://www.chrono24.com/patekphilippe/grand-complication-5104p--id5337823.htm,Gemnation,https://www.chrono24.com/patekphilippe/grand-complication-5104p--id5337823.htm,US,https://www.chrono24.com/patekphilippe/grand-complication-5104p--id5337823.htm
Patek Philippe 5207R,,https://www.chrono24.com/patekphilippe/5207r--id7474809.htm,"$645,000 ",https://www.chrono24.com/patekphilippe/5207r--id7474809.htm,Pacific Bay Watch Corporation,https://www.chrono24.com/patekphilippe/5207r--id7474809.htm,US,https://www.chrono24.com/patekphilippe/5207r--id7474809.htm
Richard Mille RM69 Erotic Titanium,,https://www.chrono24.com/richardmille/rm69-erotic-titanium--id8614295.htm,"$722,500 ",https://www.chrono24.com/richardmille/rm69-erotic-titanium--id8614295.htm,East Coast Time,https://www.chrono24.com/richardmille/rm69-erotic-titanium--id8614295.htm,US,https://www.chrono24.com/richardmille/rm69-erotic-titanium--id8614295.htm
Richard Mille RM 69 Tourbillon - Erotic,,https://www.chrono24.com/richardmille/rm-69-tourbillon---erotic--id8692741.htm,"$700,000 ",https://www.chrono24.com/richardmille/rm-69-tourbillon---erotic--id8692741.htm,Forever Yours Luxury,https://www.chrono24.com/richardmille/rm-69-tourbillon---erotic--id8692741.htm,US,https://www.chrono24.com/richardmille/rm-69-tourbillon---erotic--id8692741.htm
Patek Philippe 5016P 5016p Minute Repeater Tourbillon with...,,https://www.chrono24.com/patekphilippe/5016p-5016p-minute-repeater-tourbillon-with-perpetual-calendar-in-platinium---on-black-crocodile-leather-strap-with-black-dial--id9359370.htm,"$674,960 ",https://www.chrono24.com/patekphilippe/5016p-5016p-minute-repeater-tourbillon-with-perpetual-calendar-in-platinium---on-black-crocodile-leather-strap-with-black-dial--id9359370.htm,Essential-Watches.com,https://www.chrono24.com/patekphilippe/5016p-5016p-minute-repeater-tourbillon-with-perpetual-calendar-in-platinium---on-black-crocodile-leather-strap-with-black-dial--id9359370.htm,US,https://www.chrono24.com/patekphilippe/5016p-5016p-minute-repeater-tourbillon-with-perpetual-calendar-in-platinium---on-black-crocodile-leather-strap-with-black-dial--id9359370.htm
Patek Philippe Grand Complications 5216r-001- “double Sealed”,,https://www.chrono24.com/patekphilippe/grand-complications-5216r-001--double-sealed--id3789222.htm,"$784,757 ",https://www.chrono24.com/patekphilippe/grand-complications-5216r-001--double-sealed--id3789222.htm,Mall of the Watch,https://www.chrono24.com/patekphilippe/grand-complications-5216r-001--double-sealed--id3789222.htm,MC,https://www.chrono24.com/patekphilippe/grand-complications-5216r-001--double-sealed--id3789222.htm
Patek Philippe 5016P Minute Repeater Perpetual Calendar,,https://www.chrono24.com/patekphilippe/5016p-minute-repeater-perpetual-calendar--id7286230.htm,"$625,000 ",https://www.chrono24.com/patekphilippe/5016p-minute-repeater-perpetual-calendar--id7286230.htm,Chad Warrick,https://www.chrono24.com/patekphilippe/5016p-minute-repeater-perpetual-calendar--id7286230.htm,US,https://www.chrono24.com/patekphilippe/5016p-minute-repeater-perpetual-calendar--id7286230.htm
Patek Philippe Sky Moon Tourbillon,,https://www.chrono24.com/patekphilippe/sky-moon-tourbillon--id7730549.htm,"$2,400,000 ",https://www.chrono24.com/patekphilippe/sky-moon-tourbillon--id7730549.htm,go luxury,https://www.chrono24.com/patekphilippe/sky-moon-tourbillon--id7730549.htm,US,https://www.chrono24.com/patekphilippe/sky-moon-tourbillon--id7730549.htm
Patek Philippe Grand Complication Perpetual Calendar - 5216R-001,,https://www.chrono24.com/patekphilippe/grand-complication-perpetual-calendar---5216r-001--id7021391.htm,"$690,000 ",https://www.chrono24.com/patekphilippe/grand-complication-perpetual-calendar---5216r-001--id7021391.htm,Watches.de - Mercurius Trading Ltd.,https://www.chrono24.com/patekphilippe/grand-complication-perpetual-calendar---5216r-001--id7021391.htm,CH,https://www.chrono24.com/patekphilippe/grand-complication-perpetual-calendar---5216r-001--id7021391.htm
Patek Philippe Complicated Annual Calendar Minute Repeater &...,,https://www.chrono24.com/patekphilippe/complicated-annual-calendar-minute-repeater--perpetual-calendar-tourbillon-5207-700p-001--id5337816.htm,"$950,000 ",https://www.chrono24.com/patekphilippe/complicated-annual-calendar-minute-repeater--perpetual-calendar-tourbillon-5207-700p-001--id5337816.htm,Gemnation,https://www.chrono24.com/patekphilippe/complicated-annual-calendar-minute-repeater--perpetual-calendar-tourbillon-5207-700p-001--id5337816.htm,US,https://www.chrono24.com/patekphilippe/complicated-annual-calendar-minute-repeater--perpetual-calendar-tourbillon-5207-700p-001--id5337816.htm
Patek Philippe 5216P-001 Pre-Owned,,https://www.chrono24.com/patekphilippe/5216p-001-pre-owned--id8367720.htm,"$670,000 ",https://www.chrono24.com/patekphilippe/5216p-001-pre-owned--id8367720.htm,Pacific Bay Watch Corporation,https://www.chrono24.com/patekphilippe/5216p-001-pre-owned--id8367720.htm,US,https://www.chrono24.com/patekphilippe/5216p-001-pre-owned--id8367720.htm
Vacheron Constantin Masks Set of 4 Watches,,https://www.chrono24.com/vacheronconstantin/masks-set-of-4-watches--id3200611.htm,"$600,000 ",https://www.chrono24.com/vacheronconstantin/masks-set-of-4-watches--id3200611.htm,Private Seller,https://www.chrono24.com/vacheronconstantin/masks-set-of-4-watches--id3200611.htm,IL,https://www.chrono24.com/vacheronconstantin/masks-set-of-4-watches--id3200611.htm
Vacheron Constantin Traditionnelle,,https://www.chrono24.com/vacheronconstantin/traditionnelle--id9399799.htm,"$1,250,000 ",https://www.chrono24.com/vacheronconstantin/traditionnelle--id9399799.htm,Forever Yours Luxury,https://www.chrono24.com/vacheronconstantin/traditionnelle--id9399799.htm,US,https://www.chrono24.com/vacheronconstantin/traditionnelle--id9399799.htm
Patek Philippe 5207R-001 Grand Complication Tourbillon Minute...,,https://www.chrono24.com/patekphilippe/5207r-001-grand-complication-tourbillon-minute-repeater-perpetual-calendar-5207r-in-rose-gold---on-black-alligator-leather-strap-with-black-dial--id8064271.htm,"$685,360 ",https://www.chrono24.com/patekphilippe/5207r-001-grand-complication-tourbillon-minute-repeater-perpetual-calendar-5207r-in-rose-gold---on-black-alligator-leather-strap-with-black-dial--id8064271.htm,Essential-Watches.com,https://www.chrono24.com/patekphilippe/5207r-001-grand-complication-tourbillon-minute-repeater-perpetual-calendar-5207r-in-rose-gold---on-black-alligator-leather-strap-with-black-dial--id8064271.htm,US,https://www.chrono24.com/patekphilippe/5207r-001-grand-complication-tourbillon-minute-repeater-perpetual-calendar-5207r-in-rose-gold---on-black-alligator-leather-strap-with-black-dial--id8064271.htm
Patek Philippe Tourbillon Minute Repeater Perpetual Calendar...,,https://www.chrono24.com/patekphilippe/tourbillon-minute-repeater-perpetual-calendar-5207p-001--id9110139.htm,"$727,055 ",https://www.chrono24.com/patekphilippe/tourbillon-minute-repeater-perpetual-calendar-5207p-001--id9110139.htm,Mall of the Watch,https://www.chrono24.com/patekphilippe/tourbillon-minute-repeater-perpetual-calendar-5207p-001--id9110139.htm,MC,https://www.chrono24.com/patekphilippe/tourbillon-minute-repeater-perpetual-calendar-5207p-001--id9110139.htm
Patek Philippe Minute Repeater Perpetual Calendar,,https://www.chrono24.com/patekphilippe/minute-repeater-perpetual-calendar--id9036924.htm,"$602,500 ",https://www.chrono24.com/patekphilippe/minute-repeater-perpetual-calendar--id9036924.htm,Chad Warrick,https://www.chrono24.com/patekphilippe/minute-repeater-perpetual-calendar--id9036924.htm,US,https://www.chrono24.com/patekphilippe/minute-repeater-perpetual-calendar--id9036924.htm
Richard Mille RM2702,,https://www.chrono24.com/richardmille/rm2702--id9496938.htm,"$730,000 ",https://www.chrono24.com/richardmille/rm2702--id9496938.htm,go luxury,https://www.chrono24.com/richardmille/rm2702--id9496938.htm,US,https://www.chrono24.com/richardmille/rm2702--id9496938.htm
Audemars Piguet Grand Complication Jules Audemars Collection,,https://www.chrono24.com/audemarspiguet/grand-complication-jules-audemars-collection--id5175979.htm,"$753,200 ",https://www.chrono24.com/audemarspiguet/grand-complication-jules-audemars-collection--id5175979.htm,Timepiece Perfection,https://www.chrono24.com/audemarspiguet/grand-complication-jules-audemars-collection--id5175979.htm,US,https://www.chrono24.com/audemarspiguet/grand-complication-jules-audemars-collection--id5175979.htm
Patek Philippe Grand Complication Triple Grand Complication 5208P,,https://www.chrono24.com/patekphilippe/grand-complication-triple-grand-complication-5208p--id5373683.htm,"$1,150,000 ",https://www.chrono24.com/patekphilippe/grand-complication-triple-grand-complication-5208p--id5373683.htm,Gemnation,https://www.chrono24.com/patekphilippe/grand-complication-triple-grand-complication-5208p--id5373683.htm,US,https://www.chrono24.com/patekphilippe/grand-complication-triple-grand-complication-5208p--id5373683.htm
Patek Philippe Minute Repeater 5016G Pre-Owned,,https://www.chrono24.com/patekphilippe/minute-repeater-5016g-pre-owned--id6482571.htm,"$635,000 ",https://www.chrono24.com/patekphilippe/minute-repeater-5016g-pre-owned--id6482571.htm,Pacific Bay Watch Corporation,https://www.chrono24.com/patekphilippe/minute-repeater-5016g-pre-owned--id6482571.htm,US,https://www.chrono24.com/patekphilippe/minute-repeater-5016g-pre-owned--id6482571.htm
Richard Mille RM19-01 RG-TZP,,https://www.chrono24.com/richardmille/rm19-01-rg-tzp--id9344241.htm,"$673,923 ",https://www.chrono24.com/richardmille/rm19-01-rg-tzp--id9344241.htm,Private Seller,https://www.chrono24.com/richardmille/rm19-01-rg-tzp--id9344241.htm,UK,https://www.chrono24.com/richardmille/rm19-01-rg-tzp--id9344241.htm
Christophe Claret MTR.TRD98.030-038,,https://www.chrono24.com/christopheclaret/mtrtrd98030-038--id7562200.htm,"$650,000 ",https://www.chrono24.com/christopheclaret/mtrtrd98030-038--id7562200.htm,Forever Yours Luxury,https://www.chrono24.com/christopheclaret/mtrtrd98030-038--id7562200.htm,US,https://www.chrono24.com/christopheclaret/mtrtrd98030-038--id7562200.htm
Patek Philippe 5074J-012 5074 - Yellow Gold - Minute Repeater...,,https://www.chrono24.com/patekphilippe/5074j-012-5074---yellow-gold---minute-repeater-perpetual---ref-5074j---yellow-gold--id8063023.htm,"$608,400 ",https://www.chrono24.com/patekphilippe/5074j-012-5074---yellow-gold---minute-repeater-perpetual---ref-5074j---yellow-gold--id8063023.htm,Essential-Watches.com,https://www.chrono24.com/patekphilippe/5074j-012-5074---yellow-gold---minute-repeater-perpetual---ref-5074j---yellow-gold--id8063023.htm,US,https://www.chrono24.com/patekphilippe/5074j-012-5074---yellow-gold---minute-repeater-perpetual---ref-5074j---yellow-gold--id8063023.htm
Ulysse Nardin Genghis Khan,,https://www.chrono24.com/ulyssenardin/genghis-khan--id3111415.htm,"$792,963 ",https://www.chrono24.com/ulyssenardin/genghis-khan--id3111415.htm,WatchesofMayfair.com,https://www.chrono24.com/ulyssenardin/genghis-khan--id3111415.htm,UK,https://www.chrono24.com/ulyssenardin/genghis-khan--id3111415.htm
Patek Philippe Minute Repeater Perpetual Calendar,,https://www.chrono24.com/patekphilippe/minute-repeater-perpetual-calendar--id7408645.htm,"$629,000 ",https://www.chrono24.com/patekphilippe/minute-repeater-perpetual-calendar--id7408645.htm,Chad Warrick,https://www.chrono24.com/patekphilippe/minute-repeater-perpetual-calendar--id7408645.htm,US,https://www.chrono24.com/patekphilippe/minute-repeater-perpetual-calendar--id7408645.htm
Richard Mille RM70 01,,https://www.chrono24.com/richardmille/rm70-01--id9496882.htm,"$740,000 ",https://www.chrono24.com/richardmille/rm70-01--id9496882.htm,go luxury,https://www.chrono24.com/richardmille/rm70-01--id9496882.htm,US,https://www.chrono24.com/richardmille/rm70-01--id9496882.htm
Breguet Classique Complications,,https://www.chrono24.com/breguet/classique-complications--id4330134.htm,"$716,188 ",https://www.chrono24.com/breguet/classique-complications--id4330134.htm,Timepiece Perfection,https://www.chrono24.com/breguet/classique-complications--id4330134.htm,US,https://www.chrono24.com/breguet/classique-complications--id4330134.htm
Patek Philippe Grand Complication 5073P,,https://www.chrono24.com/patekphilippe/grand-complication-5073p--id5373647.htm,"$950,000 ",https://www.chrono24.com/patekphilippe/grand-complication-5073p--id5373647.htm,Gemnation,https://www.chrono24.com/patekphilippe/grand-complication-5073p--id5373647.htm,US,https://www.chrono24.com/patekphilippe/grand-complication-5073p--id5373647.htm
Vacheron Constantin Metiers Dart 18k White Gold With Diamond...,,https://www.chrono24.com/vacheronconstantin/metiers-dart-18k-white-gold-with-diamond-silver-manual-wind-81750s01g-9198--id9363628.htm,"$1,193,622 ",https://www.chrono24.com/vacheronconstantin/metiers-dart-18k-white-gold-with-diamond-silver-manual-wind-81750s01g-9198--id9363628.htm,VIP WATCH & JEWELLERY,https://www.chrono24.com/vacheronconstantin/metiers-dart-18k-white-gold-with-diamond-silver-manual-wind-81750s01g-9198--id9363628.htm,HK,https://www.chrono24.com/vacheronconstantin/metiers-dart-18k-white-gold-with-diamond-silver-manual-wind-81750s01g-9198--id9363628.htm
Patek Philippe 5216R Grand Complications,,https://www.chrono24.com/patekphilippe/5216r-grand-complications--id3148953.htm,"$650,000 ",https://www.chrono24.com/patekphilippe/5216r-grand-complications--id3148953.htm,Private Seller,https://www.chrono24.com/patekphilippe/5216r-grand-complications--id3148953.htm,IL,https://www.chrono24.com/patekphilippe/5216r-grand-complications--id3148953.htm
Patek Philippe Sky Moon Tourbillon,,https://www.chrono24.com/patekphilippe/sky-moon-tourbillon--id9512996.htm,"$1,350,000 ",https://www.chrono24.com/patekphilippe/sky-moon-tourbillon--id9512996.htm,Chronopassion,https://www.chrono24.com/patekphilippe/sky-moon-tourbillon--id9512996.htm,EE,https://www.chrono24.com/patekphilippe/sky-moon-tourbillon--id9512996.htm
Patek Philippe 5016G-010 Grand Complications Minute Repeater...,,https://www.chrono24.com/patekphilippe/5016g-010-grand-complications-minute-repeater-5016-in-white-gold---on-black-alligator-leather-strap-with-silver-dial--id9160998.htm,"$659,880 ",https://www.chrono24.com/patekphilippe/5016g-010-grand-complications-minute-repeater-5016-in-white-gold---on-black-alligator-leather-strap-with-silver-dial--id9160998.htm,Essential-Watches.com,https://www.chrono24.com/patekphilippe/5016g-010-grand-complications-minute-repeater-5016-in-white-gold---on-black-alligator-leather-strap-with-silver-dial--id9160998.htm,US,https://www.chrono24.com/patekphilippe/5016g-010-grand-complications-minute-repeater-5016-in-white-gold---on-black-alligator-leather-strap-with-silver-dial--id9160998.htm
Ulysse Nardin Genghis Khan,,https://www.chrono24.com/ulyssenardin/genghis-khan--id3082290.htm,"$803,199 ",https://www.chrono24.com/ulyssenardin/genghis-khan--id3082290.htm,WatchesofMayfair.com,https://www.chrono24.com/ulyssenardin/genghis-khan--id3082290.htm,UK,https://www.chrono24.com/ulyssenardin/genghis-khan--id3082290.htm
Patek Philippe Minute Repeater Perpetual Calendar,,https://www.chrono24.com/patekphilippe/minute-repeater-perpetual-calendar--id7404972.htm,"$720,000 ",https://www.chrono24.com/patekphilippe/minute-repeater-perpetual-calendar--id7404972.htm,Watch Club,https://www.chrono24.com/patekphilippe/minute-repeater-perpetual-calendar--id7404972.htm,RU,https://www.chrono24.com/patekphilippe/minute-repeater-perpetual-calendar--id7404972.htm
Patek Philippe Minute Repeater Perpetual Calendar,,https://www.chrono24.com/patekphilippe/minute-repeater-perpetual-calendar--id8665942.htm,"$602,643 ",https://www.chrono24.com/patekphilippe/minute-repeater-perpetual-calendar--id8665942.htm,LUXE WARE (HK) LIMITED,https://www.chrono24.com/patekphilippe/minute-repeater-perpetual-calendar--id8665942.htm,HK,https://www.chrono24.com/patekphilippe/minute-repeater-perpetual-calendar--id8665942.htm
Cartier Tank Anglaise,,https://www.chrono24.com/cartier/tank-anglaise--id6344091.htm,"$633,250 ",https://www.chrono24.com/cartier/tank-anglaise--id6344091.htm,Timepiece Perfection,https://www.chrono24.com/cartier/tank-anglaise--id6344091.htm,US,https://www.chrono24.com/cartier/tank-anglaise--id6344091.htm
Patek Philippe 5074,,https://www.chrono24.com/patekphilippe/5074--id3187173.htm,"$610,000 ",https://www.chrono24.com/patekphilippe/5074--id3187173.htm,Private Seller,https://www.chrono24.com/patekphilippe/5074--id3187173.htm,IL,https://www.chrono24.com/patekphilippe/5074--id3187173.htm
Patek Philippe Grand Complication Perpetual Calendar 5216P-001,,https://www.chrono24.com/patekphilippe/grand-complication-perpetual-calendar-5216p-001--id5337812.htm,"$770,000 ",https://www.chrono24.com/patekphilippe/grand-complication-perpetual-calendar-5216p-001--id5337812.htm,Gemnation,https://www.chrono24.com/patekphilippe/grand-complication-perpetual-calendar-5216p-001--id5337812.htm,US,https://www.chrono24.com/patekphilippe/grand-complication-perpetual-calendar-5216p-001--id5337812.htm
Patek Philippe 5316P,,https://www.chrono24.com/patekphilippe/5316p--id9455178.htm,"$692,433 ",https://www.chrono24.com/patekphilippe/5316p--id9455178.htm,CONNECTIVE LTD,https://www.chrono24.com/patekphilippe/5316p--id9455178.htm,HK,https://www.chrono24.com/patekphilippe/5316p--id9455178.htm
Patek Philippe Minute Repeater Perpetual Calendar,,https://www.chrono24.com/patekphilippe/minute-repeater-perpetual-calendar--id9360147.htm,"$685,000 ",https://www.chrono24.com/patekphilippe/minute-repeater-perpetual-calendar--id9360147.htm,Chronopassion,https://www.chrono24.com/patekphilippe/minute-repeater-perpetual-calendar--id9360147.htm,EE,https://www.chrono24.com/patekphilippe/minute-repeater-perpetual-calendar--id9360147.htm
Patek Philippe 5016R Minute Repeater Tourbillion Perpetual...,,https://www.chrono24.com/patekphilippe/5016r-minute-repeater-tourbillion-perpetual-calendar-retrograde-in-rose-gold---on-black-leather-strap-with-black-dial--id8064256.htm,"$650,000 ",https://www.chrono24.com/patekphilippe/5016r-minute-repeater-tourbillion-perpetual-calendar-retrograde-in-rose-gold---on-black-leather-strap-with-black-dial--id8064256.htm,Essential-Watches.com,https://www.chrono24.com/patekphilippe/5016r-minute-repeater-tourbillion-perpetual-calendar-retrograde-in-rose-gold---on-black-leather-strap-with-black-dial--id8064256.htm,US,https://www.chrono24.com/patekphilippe/5016r-minute-repeater-tourbillion-perpetual-calendar-retrograde-in-rose-gold---on-black-leather-strap-with-black-dial--id8064256.htm
Ulysse Nardin Classic Hannibal Minute Repeater,,https://www.chrono24.com/ulyssenardin/classic-hannibal-minute-repeater--id4822044.htm,"$752,040 ",https://www.chrono24.com/ulyssenardin/classic-hannibal-minute-repeater--id4822044.htm,WatchesofMayfair.com,https://www.chrono24.com/ulyssenardin/classic-hannibal-minute-repeater--id4822044.htm,UK,https://www.chrono24.com/ulyssenardin/classic-hannibal-minute-repeater--id4822044.htm
Ulysse Nardin Royal Blue Mystery Tourbillon 43mm 799-99BAG-8BAG,,https://www.chrono24.com/ulyssenardin/royal-blue-mystery-tourbillon-43mm-799-99bag-8bag--id8122829.htm,"$1,211,214 ",https://www.chrono24.com/ulyssenardin/royal-blue-mystery-tourbillon-43mm-799-99bag-8bag--id8122829.htm,The Watch Source Limited,https://www.chrono24.com/ulyssenardin/royal-blue-mystery-tourbillon-43mm-799-99bag-8bag--id8122829.htm,UK,https://www.chrono24.com/ulyssenardin/royal-blue-mystery-tourbillon-43mm-799-99bag-8bag--id8122829.htm
Patek Philippe 5207p-001 Minute Repeater Platinum,,https://www.chrono24.com/patekphilippe/5207p-001-minute-repeater-platinum--id6713815.htm,"$600,000 ",https://www.chrono24.com/patekphilippe/5207p-001-minute-repeater-platinum--id6713815.htm,K2 Luxury SA,https://www.chrono24.com/patekphilippe/5207p-001-minute-repeater-platinum--id6713815.htm,CH,https://www.chrono24.com/patekphilippe/5207p-001-minute-repeater-platinum--id6713815.htm
Audemars Piguet Grand Complication Jules Audemars Collection,,https://www.chrono24.com/audemarspiguet/grand-complication-jules-audemars-collection--id5176086.htm,"$703,890 ",https://www.chrono24.com/audemarspiguet/grand-complication-jules-audemars-collection--id5176086.htm,Timepiece Perfection,https://www.chrono24.com/audemarspiguet/grand-complication-jules-audemars-collection--id5176086.htm,US,https://www.chrono24.com/audemarspiguet/grand-complication-jules-audemars-collection--id5176086.htm
Patek Philippe NEW 2018 Grand Complications Sky Moon Tourbillo...,,https://www.chrono24.com/patekphilippe/new-2018-grand-complications-sky-moon-tourbillon-6002g-blue--id9192609.htm,"$2,721,614 ",https://www.chrono24.com/patekphilippe/new-2018-grand-complications-sky-moon-tourbillon-6002g-blue--id9192609.htm,Worldtimer,https://www.chrono24.com/patekphilippe/new-2018-grand-complications-sky-moon-tourbillon-6002g-blue--id9192609.htm,HK,https://www.chrono24.com/patekphilippe/new-2018-grand-complications-sky-moon-tourbillon-6002g-blue--id9192609.htm
Patek Philippe Complicated Annual Calendar Minute Repeater &...,,https://www.chrono24.com/patekphilippe/complicated-annual-calendar-minute-repeater--perpetual-calendar-tourbillon-5207r-001--id4870264.htm,"$675,000 ",https://www.chrono24.com/patekphilippe/complicated-annual-calendar-minute-repeater--perpetual-calendar-tourbillon-5207r-001--id4870264.htm,Gemnation,https://www.chrono24.com/patekphilippe/complicated-annual-calendar-minute-repeater--perpetual-calendar-tourbillon-5207r-001--id4870264.htm,US,https://www.chrono24.com/patekphilippe/complicated-annual-calendar-minute-repeater--perpetual-calendar-tourbillon-5207r-001--id4870264.htm
Richard Mille RM052,,https://www.chrono24.com/richardmille/rm052--id9347616.htm,"$780,000 ",https://www.chrono24.com/richardmille/rm052--id9347616.htm,MengWan trading company,https://www.chrono24.com/richardmille/rm052--id9347616.htm,CN,https://www.chrono24.com/richardmille/rm052--id9347616.htm
Jacob & Co. AT100.40.AC.SD.A,,https://www.chrono24.com/jacobco/at10040acsda--id5639512.htm,"$615,603 ",https://www.chrono24.com/jacobco/at10040acsda--id5639512.htm,表家niuwatch,https://www.chrono24.com/jacobco/at10040acsda--id5639512.htm,HK,https://www.chrono24.com/jacobco/at10040acsda--id5639512.htm
Audemars Piguet EINZELSTÜCK Royal Oak Offshore Platinum PIECE...,,https://www.chrono24.com/audemarspiguet/einzelstueck-royal-oak-offshore-platinum-piece-unique-25721--id3650597.htm,"$1,015,568 ",https://www.chrono24.com/audemarspiguet/einzelstueck-royal-oak-offshore-platinum-piece-unique-25721--id3650597.htm,Juwelier LUN seit 1908,https://www.chrono24.com/audemarspiguet/einzelstueck-royal-oak-offshore-platinum-piece-unique-25721--id3650597.htm,DE,https://www.chrono24.com/audemarspiguet/einzelstueck-royal-oak-offshore-platinum-piece-unique-25721--id3650597.htm
Ulysse Nardin Royal Blue Tourbillon Haute Joaillerie,,https://www.chrono24.com/ulyssenardin/royal-blue-tourbillon-haute-joaillerie--id3111461.htm,"$1,023,174 ",https://www.chrono24.com/ulyssenardin/royal-blue-tourbillon-haute-joaillerie--id3111461.htm,WatchesofMayfair.com,https://www.chrono24.com/ulyssenardin/royal-blue-tourbillon-haute-joaillerie--id3111461.htm,UK,https://www.chrono24.com/ulyssenardin/royal-blue-tourbillon-haute-joaillerie--id3111461.htm
Graff Hallucination,,https://www.chrono24.com/all/graff-hallucination--id9174312.htm,"$55,000,000 ",https://www.chrono24.com/all/graff-hallucination--id9174312.htm,ELITADIAMONDS,https://www.chrono24.com/all/graff-hallucination--id9174312.htm,AU,https://www.chrono24.com/all/graff-hallucination--id9174312.htm
Patek Philippe 5213G Minute Repeater,,https://www.chrono24.com/patekphilippe/5213g-minute-repeater--id3607662.htm,"$610,478 ",https://www.chrono24.com/patekphilippe/5213g-minute-repeater--id3607662.htm,K2 Luxury SA,https://www.chrono24.com/patekphilippe/5213g-minute-repeater--id3607662.htm,CH,https://www.chrono24.com/patekphilippe/5213g-minute-repeater--id3607662.htm
Ulysse Nardin Genghis Khan Minute Repeater,,https://www.chrono24.com/ulyssenardin/ulysse-nardin-genghis-khan-minute-repeater--id5768512.htm,"$600,000 ",https://www.chrono24.com/ulyssenardin/ulysse-nardin-genghis-khan-minute-repeater--id5768512.htm,Luxury Souq Dubai,https://www.chrono24.com/ulyssenardin/ulysse-nardin-genghis-khan-minute-repeater--id5768512.htm,AE,https://www.chrono24.com/ulyssenardin/ulysse-nardin-genghis-khan-minute-repeater--id5768512.htm
Patek Philippe 2015 NEW Grand Complications Sky Moon Tourbillo...,,https://www.chrono24.com/patekphilippe/2015-new-grand-complications-sky-moon-tourbillon-6002g-blue--id9489718.htm,"$2,566,093 ",https://www.chrono24.com/patekphilippe/2015-new-grand-complications-sky-moon-tourbillon-6002g-blue--id9489718.htm,Worldtimer,https://www.chrono24.com/patekphilippe/2015-new-grand-complications-sky-moon-tourbillon-6002g-blue--id9489718.htm,HK,https://www.chrono24.com/patekphilippe/2015-new-grand-complications-sky-moon-tourbillon-6002g-blue--id9489718.htm
Patek Philippe Grand Complication Perpetual Calendar 5216R-001,,https://www.chrono24.com/patekphilippe/grand-complication-perpetual-calendar-5216r-001--id5337760.htm,"$670,000 ",https://www.chrono24.com/patekphilippe/grand-complication-perpetual-calendar-5216r-001--id5337760.htm,Gemnation,https://www.chrono24.com/patekphilippe/grand-complication-perpetual-calendar-5216r-001--id5337760.htm,US,https://www.chrono24.com/patekphilippe/grand-complication-perpetual-calendar-5216r-001--id5337760.htm
